Id;Marca;Empreendimento
1;CYRELA;CYRELA FOR YOU MOEMA
2;CYRELA;CYRELA FOR YOU MOEMA
3;CYRELA;CYRELA FOR YOU MOEMA
4;CYRELA;CYRELA FOR YOU MOEMA
5;CYRELA;CYRELA FOR YOU MOEMA
6;CYRELA;CYRELA FOR YOU MOEMA
7;CYRELA;CYRELA FOR YOU MOEMA
8;CYRELA;CYRELA FOR YOU MOEMA
9;CYRELA;CYRELA FOR YOU MOEMA
10;CYRELA;CYRELA FOR YOU MOEMA
11;CYRELA;CYRELA FOR YOU MOEMA
12;CYRELA;CYRELA FOR YOU MOEMA
13;CYRELA;CYRELA FOR YOU MOEMA
14;CYRELA;CYRELA FOR YOU MOEMA
15;CYRELA;CYRELA FOR YOU MOEMA
16;CYRELA;CYRELA FOR YOU MOEMA
17;CYRELA;CYRELA FOR YOU MOEMA
18;CYRELA;CYRELA FOR YOU MOEMA
19;CYRELA;CYRELA FOR YOU MOEMA
20;CYRELA;CYRELA FOR YOU MOEMA
21;CYRELA;CYRELA FOR YOU MOEMA
22;CYRELA;CYRELA FOR YOU MOEMA
23;CYRELA;CYRELA FOR YOU MOEMA
24;CYRELA;CYRELA FOR YOU MOEMA
25;CYRELA;CYRELA FOR YOU MOEMA
26;CYRELA;CYRELA FOR YOU MOEMA
27;CYRELA;CYRELA FOR YOU MOEMA
28;CYRELA;CYRELA FOR YOU MOEMA
29;CYRELA;CYRELA FOR YOU MOEMA
30;CYRELA;CYRELA FOR YOU MOEMA
31;CYRELA;CYRELA FOR YOU MOEMA
32;CYRELA;CYRELA FOR YOU MOEMA
33;CYRELA;CYRELA FOR YOU MOEMA
34;CYRELA;CYRELA FOR YOU MOEMA
35;CYRELA;CYRELA FOR YOU MOEMA
36;CYRELA;CYRELA FOR YOU MOEMA
37;CYRELA;CYRELA FOR YOU MOEMA
38;CYRELA;CYRELA FOR YOU MOEMA
39;CYRELA;CYRELA FOR YOU MOEMA
40;CYRELA;CYRELA FOR YOU MOEMA
41;CYRELA;CYRELA FOR YOU MOEMA
42;CYRELA;CYRELA FOR YOU MOEMA
43;CYRELA;CYRELA FOR YOU MOEMA
44;CYRELA;CYRELA FOR YOU MOEMA
45;CYRELA;CYRELA FOR YOU MOEMA
46;CYRELA;CYRELA FOR YOU MOEMA
47;CYRELA;CYRELA FOR YOU MOEMA
48;CYRELA;CYRELA FOR YOU MOEMA
49;CYRELA;CYRELA FOR YOU MOEMA
50;CYRELA;CYRELA FOR YOU MOEMA
51;CYRELA;CYRELA FOR YOU MOEMA
52;CYRELA;CYRELA FOR YOU MOEMA
53;CYRELA;CYRELA FOR YOU MOEMA
54;CYRELA;CYRELA FOR YOU MOEMA
55;CYRELA;CYRELA FOR YOU MOEMA
56;CYRELA;CYRELA FOR YOU MOEMA
57;CYRELA;CYRELA FOR YOU MOEMA
58;CYRELA;CYRELA FOR YOU MOEMA
59;CYRELA;CYRELA FOR YOU MOEMA
60;CYRELA;CYRELA FOR YOU MOEMA
61;CYRELA;CYRELA FOR YOU MOEMA
62;CYRELA;CYRELA FOR YOU MOEMA
63;CYRELA;CYRELA FOR YOU MOEMA
64;CYRELA;CYRELA FOR YOU MOEMA
65;CYRELA;CYRELA FOR YOU
66;CYRELA;CYRELA FOR YOU
67;CYRELA;CYRELA FOR YOU
68;CYRELA;CYRELA FOR YOU
69;CYRELA;CYRELA FOR YOU
70;CYRELA;CYRELA FOR YOU
71;CYRELA;CYRELA FOR YOU
72;CYRELA;CYRELA FOR YOU
73;CYRELA;CYRELA FOR YOU
74;CYRELA;CYRELA FOR YOU
75;CYRELA;CYRELA FOR YOU
76;CYRELA;CYRELA FOR YOU
77;CYRELA;CYRELA FOR YOU
78;CYRELA;CYRELA FOR YOU
79;CYRELA;CYRELA FOR YOU
80;CYRELA;CYRELA FOR YOU
81;CYRELA;CYRELA FOR YOU
82;CYRELA;CYRELA FOR YOU
83;CYRELA;CYRELA FOR YOU
84;CYRELA;CYRELA FOR YOU
85;CYRELA;CYRELA FOR YOU
86;CYRELA;CYRELA FOR YOU
87;CYRELA;CYRELA FOR YOU
88;CYRELA;CYRELA FOR YOU
89;CYRELA;CYRELA FOR YOU
90;CYRELA;CYRELA FOR YOU
91;CYRELA;CYRELA FOR YOU
92;CYRELA;CYRELA FOR YOU
93;CYRELA;CYRELA FOR YOU
94;CYRELA;CYRELA FOR YOU
95;CYRELA;CYRELA FOR YOU
96;CYRELA;CYRELA FOR YOU
97;CYRELA;CYRELA FOR YOU
98;CYRELA;CYRELA FOR YOU
99;CYRELA;CYRELA FOR YOU
100;CYRELA;CYRELA FOR YOU
101;CYRELA;CYRELA FOR YOU
102;CYRELA;CYRELA FOR YOU
103;CYRELA;CYRELA FOR YOU
104;CYRELA;CYRELA FOR YOU
105;CYRELA;CYRELA FOR YOU
106;CYRELA;CYRELA FOR YOU
107;CYRELA;CYRELA FOR YOU
108;CYRELA;CYRELA FOR YOU
109;CYRELA;CYRELA FOR YOU
110;CYRELA;CYRELA FOR YOU
111;CYRELA;CYRELA FOR YOU
112;CYRELA;CYRELA FOR YOU
113;CYRELA;CYRELA FOR YOU
114;CYRELA;CYRELA FOR YOU
115;CYRELA;CYRELA HAUS BY YOO
116;CYRELA;CYRELA HAUS BY YOO
117;CYRELA;CYRELA HAUS BY YOO
118;CYRELA;CYRELA HAUS BY YOO
119;CYRELA;CYRELA HAUS BY YOO
120;CYRELA;CYRELA HAUS BY YOO
121;CYRELA;CYRELA HAUS BY YOO
122;CYRELA;CYRELA IBIRAPUERA BY YOO
123;CYRELA;CYRELA IBIRAPUERA BY YOO
124;CYRELA;CYRELA IBIRAPUERA BY YOO
125;CYRELA;CYRELA IBIRAPUERA BY YOO
126;CYRELA;CYRELA IBIRAPUERA BY YOO
127;CYRELA;CYRELA IBIRAPUERA BY YOO
128;CYRELA;CYRELA IBIRAPUERA BY YOO
129;CYRELA;CYRELA IBIRAPUERA BY YOO
130;CYRELA;CYRELA IBIRAPUERA BY YOO
131;CYRELA;CYRELA IBIRAPUERA BY YOO
132;CYRELA;CYRELA IBIRAPUERA BY YOO
133;CYRELA;CYRELA IBIRAPUERA BY YOO
134;CYRELA;ISLA BY CYRELA
135;CYRELA;ISLA BY CYRELA
136;CYRELA;CYRELA HAUS BY YOO
137;CYRELA;ISLA BY CYRELA
138;CYRELA;ISLA BY CYRELA
139;CYRELA;ISLA BY CYRELA
140;CYRELA;ISLA BY CYRELA
141;CYRELA;ISLA BY CYRELA
142;CYRELA;LEGACY KLABIN
143;CYRELA;CYRELA HAUS BY YOO
144;CYRELA;CYRELA HAUS BY YOO
145;CYRELA;LEGACY KLABIN
146;CYRELA;LEGACY KLABIN
147;CYRELA;CYRELA IBIRAPUERA BY YOO
148;CYRELA;LEGACY KLABIN
149;CYRELA;GREEN MOND
150;CYRELA;GREEN MOND
151;CYRELA;GREEN MOND
152;CYRELA;LEGACY KLABIN
153;CYRELA;LEGACY KLABIN
154;CYRELA;LEGACY KLABIN
155;CYRELA;LEGACY KLABIN
156;CYRELA;LEGACY KLABIN
157;CYRELA;LEGACY KLABIN
158;CYRELA;LEGACY KLABIN
159;CYRELA;CYRELA HAUS BY YOO
160;CYRELA;GRAND MOND
161;CYRELA;GRAND MOND
162;CYRELA;GRAND MOND
163;CYRELA;GRAND MOND
164;CYRELA;GRAND MOND
165;CYRELA;GRAND MOND
166;CYRELA;GRAND MOND
167;CYRELA;GRAND MOND
168;CYRELA;GRAND MOND
169;CYRELA;GRAND MOND
170;CYRELA;GRAND MOND
171;CYRELA;GRAND MOND
172;CYRELA;GRAND MOND
173;CYRELA;CYRELA IBIRAPUERA BY YOO
174;CYRELA;GRAND MOND
175;CYRELA;GRAND MOND
176;CYRELA;CYRELA HAUS BY YOO
177;CYRELA;ATMOSFERA BROOKLIN
178;CYRELA;ATMOSFERA BROOKLIN
179;CYRELA;ATMOSFERA BROOKLIN
180;CYRELA;CYRELA HAUS BY YOO
181;CYRELA;ATMOSFERA BROOKLIN
182;CYRELA;ATMOSFERA BROOKLIN
183;CYRELA;ATMOSFERA BROOKLIN
184;CYRELA;ATMOSFERA BROOKLIN
185;CYRELA;ATMOSFERA BROOKLIN
186;CYRELA;ATMOSFERA BROOKLIN
187;CYRELA;ATMOSFERA BROOKLIN
188;CYRELA;ATMOSFERA BROOKLIN
189;CYRELA;ATMOSFERA BROOKLIN
190;CYRELA;ATMOSFERA BROOKLIN
191;CYRELA;ATMOSFERA BROOKLIN
192;CYRELA;ATMOSFERA BROOKLIN
193;CYRELA;ATMOSFERA BROOKLIN
194;CYRELA;ATMOSFERA BROOKLIN
195;CYRELA;ATMOSFERA BROOKLIN
196;CYRELA;ATMOSFERA BROOKLIN
197;CYRELA;ATMOSFERA BROOKLIN
198;CYRELA;ATMOSFERA BROOKLIN
199;CYRELA;SKYLINE JOCKEY
200;CYRELA;SKYLINE JOCKEY
201;CYRELA;ATMOSFERA BROOKLIN
202;CYRELA;SKYLINE JOCKEY
203;CYRELA;SKYLINE JOCKEY
204;CYRELA;SKYLINE JOCKEY
205;CYRELA;SKYLINE JOCKEY
206;CYRELA;ICONYC
207;CYRELA;ICONYC
208;CYRELA;ICONYC
209;CYRELA;ICONYC
210;CYRELA;ICONYC
211;CYRELA;ICONYC
212;CYRELA;ICONYC
213;CYRELA;ICONYC
214;CYRELA;ICONYC
215;CYRELA;ICONYC
216;CYRELA;ICONYC
217;CYRELA;ICONYC
218;CYRELA;ICONYC
219;CYRELA;SKYLINE JOCKEY
220;CYRELA;SKYLINE JOCKEY
221;CYRELA;SKYLINE JOCKEY
222;CYRELA;SKYLINE JOCKEY
223;CYRELA;SKYLINE JOCKEY
224;CYRELA;SKYLINE JOCKEY
225;CYRELA;MOEMA BY CYRELA
226;CYRELA;MOEMA BY CYRELA
227;CYRELA;MOEMA BY CYRELA
228;CYRELA;MOEMA BY CYRELA
229;CYRELA;MOEMA BY CYRELA
230;CYRELA;SKYLINE JOCKEY
231;CYRELA;MOEMA BY CYRELA
232;CYRELA;CYRELA HAUS BY YOO
233;CYRELA;MOEMA BY CYRELA
234;CYRELA;MOEMA BY CYRELA
235;CYRELA;MOEMA BY CYRELA
236;CYRELA;MOEMA BY CYRELA
237;CYRELA;MOEMA BY CYRELA
238;CYRELA;MOEMA BY CYRELA
239;CYRELA;GLASS ART BY YOO
240;CYRELA;GLASS ART BY YOO
241;CYRELA;GLASS ART BY YOO
242;CYRELA;GLASS ART BY YOO
243;CYRELA;GLASS ART BY YOO
244;CYRELA;GLASS ART BY YOO
245;CYRELA;GLASS ART BY YOO
246;CYRELA;GLASS ART BY YOO
247;CYRELA;GLASS ART BY YOO
248;CYRELA;GLASS ART BY YOO
249;CYRELA;GLASS ART BY YOO
250;CYRELA;GLASS ART BY YOO
251;CYRELA;GLASS ART BY YOO
252;CYRELA;GLASS ART BY YOO
253;CYRELA;GLASS ART BY YOO
254;CYRELA;GLASS ART BY YOO
255;CYRELA;GLASS ART BY YOO
256;CYRELA;GLASS ART BY YOO
257;CYRELA;GLASS ART BY YOO
258;CYRELA;GLASS ART BY YOO
259;CYRELA;GLASS ART BY YOO
260;CYRELA;GLASS ART BY YOO
261;CYRELA;GLASS ART BY YOO
262;CYRELA;MOEMA BY CYRELA
263;CYRELA;ATMOSFERA VILA MARIANA
264;CYRELA;ATMOSFERA VILA MARIANA
265;CYRELA;ATMOSFERA VILA MARIANA
266;CYRELA;ATMOSFERA VILA MARIANA
267;CYRELA;ATMOSFERA VILA MARIANA
268;CYRELA;ATMOSFERA VILA MARIANA
269;CYRELA;ATMOSFERA VILA MARIANA
270;CYRELA;ATMOSFERA VILA MARIANA
271;CYRELA;ATMOSFERA VILA MARIANA
272;CYRELA;ATMOSFERA VILA MARIANA
273;CYRELA;ATMOSFERA VILA MARIANA
274;CYRELA;ATMOSFERA VILA MARIANA
275;CYRELA;ATMOSFERA VILA MARIANA
276;CYRELA;ATMOSFERA VILA MARIANA
277;CYRELA;ATMOSFERA VILA MARIANA
278;CYRELA;ATMOSFERA VILA MARIANA
279;CYRELA;ATMOSFERA VILA MARIANA
280;CYRELA;ATMOSFERA VILA MARIANA
281;CYRELA;ATMOSFERA VILA MARIANA
282;CYRELA;ATMOSFERA VILA MARIANA
283;CYRELA;ATMOSFERA VILA MARIANA
284;CYRELA;ATMOSFERA VILA MARIANA
285;CYRELA;ATMOSFERA VILA MARIANA
286;CYRELA;ATMOSFERA VILA MARIANA
287;CYRELA;ATMOSFERA VILA MARIANA
288;CYRELA;ATMOSFERA VILA MARIANA
289;CYRELA;ATMOSFERA VILA MARIANA
290;CYRELA;ATMOSFERA VILA MARIANA
291;CYRELA;ATMOSFERA VILA MARIANA
292;CYRELA;ATMOSFERA VILA MARIANA
293;CYRELA;ATMOSFERA VILA MARIANA
294;CYRELA;ATMOSFERA VILA MARIANA
295;CYRELA;CYRELA IBIRAPUERA BY YOO
296;CYRELA;CYRELA IBIRAPUERA BY YOO
297;CYRELA;CYRELA IBIRAPUERA BY YOO
298;CYRELA;CYRELA IBIRAPUERA BY YOO
299;CYRELA;CYRELA HAUS BY YOO
300;CYRELA;LEGACY CAMPO BELO
301;CYRELA;LEGACY CAMPO BELO
302;CYRELA;ATMOSFERA BROOKLIN
303;CYRELA;CYRELA ARTI PERDIZES
304;CYRELA;HERITAGE
305;CYRELA;SKYLINE JOCKEY
306;CYRELA;ON THE PARK
307;CYRELA;ON THE PARK
308;CYRELA;ON THE PARK
309;CYRELA;ON THE PARK
310;CYRELA;ATMOSFERA 360º
311;CYRELA;ATMOSFERA 360º
312;CYRELA;ATMOSFERA 360º
313;CYRELA;ATMOSFERA 360º
314;CYRELA;ATMOSFERA 360º
315;CYRELA;ATMOSFERA 360º
316;CYRELA;ATMOSFERA 360º
317;CYRELA;ATMOSFERA 360º
318;CYRELA;ATMOSFERA 360º
319;CYRELA;ATMOSFERA 360º
320;CYRELA;ATMOSFERA 360º
321;CYRELA;ATMOSFERA 360º
322;CYRELA;ATMOSFERA 360º
323;LIVING;LIVING MAGIC RUDGE RAMOS
324;LIVING;LIVING MAGIC RUDGE RAMOS
325;LIVING;LIVING MAGIC RUDGE RAMOS
326;LIVING;LIVING MAGIC RUDGE RAMOS
327;LIVING;LIVING CLÁSSICO
328;LIVING;LIVING CLÁSSICO
329;LIVING;LIVING CLÁSSICO
330;LIVING;LIVING CLÁSSICO
331;LIVING;LIVING CLÁSSICO
332;LIVING;LIVING CLÁSSICO
333;LIVING;LIVING CLÁSSICO
334;LIVING;LIVING CLÁSSICO
335;LIVING;LIVING CLÁSSICO
336;LIVING;LIVING EXCLUSIVE
337;LIVING;LIVING CLÁSSICO
338;LIVING;LIVING PRIVILÈGE
339;LIVING;LIVING PRIVILÈGE
340;LIVING;LIVING PRIVILÈGE
341;LIVING;LIVING PRIVILÈGE
342;LIVING;LIVING PRIVILÈGE
343;LIVING;LIVING PRIVILÈGE
344;LIVING;LIVING PRIVILÈGE
345;LIVING;LIVING PRIVILÈGE
346;LIVING;LIVING PRIVILÈGE
347;LIVING;LIVING PRIVILÈGE
348;LIVING;LIVING PRIVILÈGE
349;LIVING;LIVING PRIVILÈGE
350;LIVING;LIVING PRIVILÈGE
351;LIVING;LIVING PRIVILÈGE
352;LIVING;LIVING PRIVILÈGE
353;LIVING;LIVING PRIVILÈGE
354;LIVING;LIVING ELEGANCE
355;LIVING;LIVING ELEGANCE
356;LIVING;LIVING ELEGANCE
357;LIVING;LIVING ELEGANCE
358;LIVING;LIVING ELEGANCE
359;LIVING;LIVING ELEGANCE
360;LIVING;LIVING ELEGANCE
361;LIVING;LIVING ELEGANCE
362;LIVING;LIVING ELEGANCE
363;LIVING;LIVING ELEGANCE
364;LIVING;FOR CONSOLAÇÃO
365;LIVING;LIVING ELEGANCE SÃO PAULO
366;LIVING;LIVING ELEGANCE SÃO PAULO
367;LIVING;LIVING ELEGANCE SÃO PAULO
368;LIVING;LIVING ELEGANCE SÃO PAULO
369;LIVING;LIVING ELEGANCE SÃO PAULO
370;LIVING;LIVING ELEGANCE SÃO PAULO
371;LIVING;LIVING ELEGANCE SÃO PAULO
372;LIVING;LIVING ELEGANCE SÃO PAULO
373;LIVING;LIVING ELEGANCE SÃO PAULO
374;LIVING;LIVING ELEGANCE SÃO PAULO
375;LIVING;LIVING ELEGANCE SÃO PAULO
376;LIVING;LIVING ELEGANCE SÃO PAULO
377;LIVING;LIVING ELEGANCE SÃO PAULO
378;LIVING;LIVING ELEGANCE SÃO PAULO
379;LIVING;LIVING ELEGANCE SÃO PAULO
380;LIVING;LIVING ELEGANCE SÃO PAULO
381;LIVING;LIVING ELEGANCE SÃO PAULO
382;LIVING;LIVING ELEGANCE SÃO PAULO
383;LIVING;LIVING ELEGANCE SÃO PAULO
384;LIVING;LIVING ELEGANCE SÃO PAULO
385;LIVING;LIVING ELEGANCE SÃO PAULO
386;LIVING;LIVING ELEGANCE
387;LIVING;LIVING ELEGANCE
388;LIVING;LIVING ELEGANCE
389;LIVING;LIVING GRAND NORD
390;LIVING;LIVING GRAND NORD
391;LIVING;LIVING GRAND NORD
392;LIVING;LIVING GRAND NORD
393;LIVING;LIVING VISION
394;LIVING;LIVING VISION
395;LIVING;LIVING VISION
396;LIVING;LIVING EXCLUSIVE TUCURUVI
397;LIVING;LIVING VISION
398;LIVING;LIVING VISION
399;LIVING;LIVING VISION
400;LIVING;LIVING VISION
401;LIVING;LIVING EXCLUSIVE TUCURUVI
402;LIVING;LIVING EXCLUSIVE TUCURUVI
403;LIVING;LIVING EXCLUSIVE TUCURUVI
404;LIVING;LIVING EXCLUSIVE TUCURUVI
405;LIVING;LIVING EXCLUSIVE TUCURUVI
406;LIVING;LIVING EXCLUSIVE TUCURUVI
407;LIVING;LIVING EXCLUSIVE TUCURUVI
408;LIVING;LIVING EXCLUSIVE TUCURUVI
409;LIVING;LIVING EXCLUSIVE TUCURUVI
410;LIVING;LIVING EXCLUSIVE TUCURUVI
411;LIVING;LIVING EXCLUSIVE TUCURUVI
412;LIVING;LIVING VISION
413;LIVING;LIVING GRAND NORD
414;LIVING;LIVING EXCLUSIVE TUCURUVI
415;LIVING;LIVING EXCLUSIVE TUCURUVI
416;LIVING;LIVING EXCLUSIVE TUCURUVI
417;LIVING;LIVING EXCLUSIVE TUCURUVI
418;LIVING;LIVING VISION
419;LIVING;LIVING VISION
420;LIVING;LIVING EXCLUSIVE TUCURUVI
421;LIVING;LIVING VISION
422;LIVING;LIVING EXCLUSIVE TUCURUVI
423;LIVING;LIVING NORD VIEW
424;LIVING;LIVING NORD VIEW
425;LIVING;LIVING GRAND NORD
426;LIVING;LIVING ELEGANCE
427;LIVING;LIVING WISH PANAMBY
428;LIVING;LIVING WISH PANAMBY
429;LIVING;LIVING WISH PANAMBY
430;LIVING;LIVING WISH PANAMBY
431;LIVING;LIVING WISH PANAMBY
432;LIVING;LIVING GRAND NORD
433;LIVING;LIVING WISH PANAMBY
434;LIVING;LIVING WISH PANAMBY
435;LIVING;LIVING WISH PANAMBY
436;LIVING;LIVING NORD VIEW
437;LIVING;LIVING NORD VIEW
438;LIVING;LIVING NORD VIEW
439;LIVING;LIVING WISH PANAMBY
440;LIVING;LIVING NORD VIEW
441;LIVING;LIVING NORD VIEW
442;LIVING;LIVING WISH PANAMBY
443;LIVING;LIVING NORD VIEW
444;LIVING;LIVING WISH PANAMBY
445;LIVING;LIVING GRAND NORD
446;LIVING;LIVING WISH PANAMBY
447;LIVING;LIVING WISH PANAMBY
448;LIVING;LIVING WISH PANAMBY
449;LIVING;LIVING GRAND WISH
450;LIVING;LIVING GRAND WISH
451;LIVING;LIVING GRAND WISH
452;LIVING;LIVING GRAND WISH
453;LIVING;LIVING VISION
454;LIVING;LIVING GRAND WISH
455;LIVING;LIVING GRAND WISH
456;LIVING;LIVING GRAND WISH
457;LIVING;LIVING GRAND WISH
458;LIVING;LIVING GRAND WISH
459;LIVING;LIVING GRAND WISH
460;LIVING;LIVING GRAND WISH
461;LIVING;LIVING WISH MOOCA
462;LIVING;LIVING WISH MOOCA
463;LIVING;LIVING WISH MOOCA
464;LIVING;LIVING WISH PANAMBY
465;LIVING;LIVING WISH MOOCA
466;LIVING;LIVING WISH MOOCA
467;LIVING;LIVING WISH MOOCA
468;LIVING;LIVING EXCLUSIVE TUCURUVI
469;LIVING;LIVING WISH PANAMBY
470;LIVING;LIVING DREAM PANAMBY
471;LIVING;LIVING DREAM PANAMBY
472;LIVING;LIVING DREAM PANAMBY
473;LIVING;LIVING DREAM PANAMBY
474;LIVING;LIVING DREAM PANAMBY
475;LIVING;LIVING WISH PANAMBY
476;LIVING;LIVING DREAM PANAMBY
477;LIVING;LIVING DREAM PANAMBY
478;LIVING;LIVING DREAM PANAMBY
479;LIVING;LIVING DREAM PANAMBY
480;LIVING;LIVING DREAM PANAMBY
481;LIVING;LIVING DREAM PANAMBY
482;LIVING;LIVING WISH TATUAPÉ
483;LIVING;LIVING WISH TATUAPÉ
484;LIVING;LIVING WISH TATUAPÉ
485;LIVING;LIVING WISH TATUAPÉ
486;LIVING;LIVING WISH TATUAPÉ
487;LIVING;LIVING WISH TATUAPÉ
488;LIVING;LIVING WISH TATUAPÉ
489;LIVING;LIVING WISH TATUAPÉ
490;LIVING;LIVING WISH TATUAPÉ
491;LIVING;LIVING WISH TATUAPÉ
492;LIVING;LIVING WISH TATUAPÉ
493;LIVING;LIVING WISH TATUAPÉ
494;LIVING;LIVING WISH TATUAPÉ
495;LIVING;LIVING WISH TATUAPÉ
496;LIVING;LIVING DREAM PANAMBY
497;LIVING;LIVING DREAM PANAMBY
498;LIVING;LIVING WISH TATUAPÉ
499;LIVING;LIVING GRAND NORD
500;LIVING;LIVING WISH TATUAPÉ
501;LIVING;LIVING INFINITY
502;LIVING;LIVING INFINITY
503;LIVING;LIVING INFINITY
504;LIVING;LIVING INFINITY
505;LIVING;LIVING INFINITY
506;LIVING;LIVING INFINITY
507;LIVING;LIVING INFINITY
508;LIVING;LIVING INFINITY
509;LIVING;LIVING INFINITY
510;LIVING;LIVING INFINITY
511;LIVING;LIVING INFINITY
512;LIVING;LIVING INFINITY
513;LIVING;LIVING INFINITY
514;LIVING;LIVING INFINITY
515;LIVING;LIVING INFINITY
516;LIVING;LIVING INFINITY
517;LIVING;LIVING INFINITY
518;LIVING;LIVING INFINITY
519;LIVING;LIVING INFINITY
520;LIVING;LIVING INFINITY
521;LIVING;LIVING ELEGANCE
522;LIVING;LIVING CONCEPT PANAMBY
523;LIVING;LIVING CONCEPT PANAMBY
524;LIVING;LIVING CONCEPT PANAMBY
525;LIVING;LIVING CONCEPT PANAMBY
526;LIVING;LIVING CONCEPT PANAMBY
527;LIVING;LIVING CONCEPT PANAMBY
528;LIVING;LIVING CONCEPT PANAMBY
529;LIVING;LIVING CONCEPT PANAMBY
530;LIVING;LIVING CONCEPT PANAMBY
531;LIVING;LIVING CONCEPT PANAMBY
532;LIVING;LIVING CONCEPT PANAMBY
533;LIVING;LIVING CONCEPT PANAMBY
534;LIVING;LIVING CONCEPT PANAMBY
535;LIVING;LIVING CONCEPT PANAMBY
536;LIVING;LIVING CONCEPT PANAMBY
537;LIVING;LIVING CONCEPT PANAMBY
538;LIVING;LIVING DREAM PANAMBY
539;LIVING;LIVING DREAM PANAMBY
540;LIVING;LIVING DREAM PANAMBY
541;LIVING;LIVING DREAM PANAMBY
542;LIVING;LIVING DREAM PANAMBY
543;LIVING;LIVING ELEGANCE
544;LIVING;LIVING WISH MOOCA
545;LIVING;LIVING ELEGANCE
546;LIVING;LIVING ELEGANCE
547;LIVING;LIVING ELEGANCE
548;LIVING;LIVING VISION
549;LIVING;LIVING IPIRANGA
550;LIVING;LIVING IPIRANGA
551;LIVING;LIVING IPIRANGA
552;LIVING;LIVING IPIRANGA
553;LIVING;LIVING IPIRANGA
554;LIVING;LIVING IPIRANGA
555;LIVING;LIVING IPIRANGA
556;LIVING;LIVING IPIRANGA
557;LIVING;LIVING IPIRANGA
558;LIVING;LIVING IPIRANGA
559;LIVING;LIVING IPIRANGA
560;LIVING;LIVING IPIRANGA
561;LIVING;LIVING ALTO DO IPIRANGA
562;LIVING;LIVING ALTO DO IPIRANGA
563;LIVING;LIVING ALTO DO IPIRANGA
564;LIVING;LIVING ALTO DO IPIRANGA
565;LIVING;LIVING ALTO DO IPIRANGA
566;LIVING;LIVING GRAND WISH NOVA CAMPINAS
567;LIVING;LIVING GRAND WISH NOVA CAMPINAS
568;LIVING;LIVING GRAND WISH NOVA CAMPINAS
569;LIVING;LIVING GRAND WISH NOVA CAMPINAS
570;LIVING;LIVING GRAND WISH NOVA CAMPINAS
571;LIVING;LIVING GRAND WISH NOVA CAMPINAS
572;LIVING;LIVING GRAND WISH NOVA CAMPINAS
573;LIVING;LIVING GRAND WISH NOVA CAMPINAS
574;LIVING;LIVING VILA MARIANA
575;LIVING;LIVING VILA MARIANA
576;LIVING;LIVING VILA MARIANA
577;LIVING;LIVING VILA MARIANA
578;LIVING;LIVING VILA MARIANA
579;LIVING;LIVING VILA MARIANA
580;LIVING;LIVING VILA MARIANA
581;LIVING;LIVING VILA MARIANA
582;LIVING;LIVING VILA MARIANA
583;LIVING;LIVING VILA MARIANA
584;LIVING;LIVING UNIQUE
585;LIVING;LIVING UNIQUE
586;LIVING;LIVING UNIQUE
587;LIVING;LIVING UNIQUE
588;LIVING;LIVING UNIQUE
589;LIVING;LIVING UNIQUE
590;LIVING;LIVING UNIQUE
591;LIVING;LIVING UNIQUE
592;LIVING;LIVING UNIQUE
593;LIVING;LIVING UNIQUE
594;LIVING;LIVING UNIQUE
595;LIVING;LIVING UNIQUE
596;LIVING;LIVING UNIQUE
597;LIVING;LIVING UNIQUE
598;LIVING;LIVING UNIQUE
599;LIVING;LIVING UNIQUE
600;LIVING;LIVING UNIQUE
601;LIVING;LIVING UNIQUE
602;LIVING;LIVING UNIQUE
603;LIVING;LIVING WISH PANAMBY
604;LIVING;LIVING UNIQUE
605;LIVING;LIVING VILA MARIANA
606;LIVING;LIVING UNIQUE
607;LIVING;LIVING UNIQUE
608;LIVING;LIVING UNIQUE
609;LIVING;LIVING UNIQUE
610;LIVING;LIVING UNIQUE
611;LIVING;LIVING UNIQUE
612;LIVING;LIVING UNIQUE
613;LIVING;LIVING UNIQUE
614;LIVING;LIVING UNIQUE
615;LIVING;LIVING UNIQUE
616;LIVING;LIVING UNIQUE
617;LIVING;LIVING UNIQUE
618;LIVING;LIVING VISION
619;LIVING;LIVING VILA MARIANA
620;LIVING;LIVING VISION
621;LIVING;LIVING VISION
622;LIVING;LIVING EXCLUSIVE TUCURUVI
623;LIVING;LIVING EXCLUSIVE
624;LIVING;LIVING EXCLUSIVE
625;VIVAZ;VIVAZ JARDIM PIRITUBA
626;VIVAZ;VIVAZ JARDIM PIRITUBA
627;VIVAZ;VIVAZ JARDIM PIRITUBA
628;VIVAZ;VIVAZ ESTAÇÃO GUAIANASES
629;VIVAZ;VIVAZ ESTAÇÃO GUAIANASES
630;VIVAZ;VIVAZ SANTO AMARO
631;VIVAZ;VIVAZ ITAQUERA
632;VIVAZ;VIVAZ ESTACAO ITAQUERA
633;VIVAZ;VIVAZ ESTACAO ITAQUERA
634;VIVAZ;VIVAZ TRANSAMERICA
635;VIVAZ;VIVAZ SACOMA
636;VIVAZ;VIVAZ TRANSAMERICA
637;VIVAZ;VIVAZ TABOAO DA SERRA
638;VIVAZ;VIVAZ TABOAO DA SERRA
639;VIVAZ;VIVAZ TABOAO DA SERRA
640;VIVAZ;VIVAZ TABOAO DA SERRA
641;VIVAZ;VIVAZ TRANSAMERICA
642;VIVAZ;VIVAZ TRANSAMERICA
643;VIVAZ;VIVAZ TRANSAMERICA 2
644;VIVAZ;VIVAZ TRANSAMERICA 2
645;VIVAZ;VIVAZ TRANSAMERICA 2
646;VIVAZ;VIVAZ TRANSAMERICA 2
647;VIVAZ;VIVAZ ESTACAO ITAQUERA 2
648;VIVAZ;VIVAZ ESTACAO ITAQUERA 2
649;VIVAZ;VIVAZ ESTACAO ITAQUERA 2
650;VIVAZ;VIVAZ SOCORRO
651;VIVAZ;VIVAZ SOCORRO
652;VIVAZ;VIVAZ SOCORRO
653;VIVAZ;VIVAZ SOCORRO
654;VIVAZ;VIVAZ VILA ROMANA
655;VIVAZ;VIVAZ VILA ROMANA
656;VIVAZ;VIVAZ VILA ROMANA
657;VIVAZ;VIVAZ LAPA
658;VIVAZ;VIVAZ LAPA
659;VIVAZ;VIVAZ JARDIM PIRITUBA
660;VIVAZ;VIVAZ JARDIM PIRITUBA 2
661;VIVAZ;VIVAZ JARDIM PIRITUBA 2
662;VIVAZ;VIVAZ LAPA
663;VIVAZ;VIVAZ LAPA
664;VIVAZ;VIVAZ LAPA
665;VIVAZ;VIVAZ LAPA
666;VIVAZ;VIVAZ LAPA
667;VIVAZ;VIVAZ ESTACAO VILA PRUDENTE
668;VIVAZ;VIVAZ ESTACAO VILA PRUDENTE
669;VIVAZ;VIVAZ ESTAÇÃO BELÉM
670;VIVAZ;VIVAZ ESTAÇÃO BELÉM
671;VIVAZ;VIVAZ ESTAÇÃO BELÉM
672;VIVAZ;VIVAZ TRANSAMERICA
673;VIVAZ;VIVAZ TRANSAMERICA
674;VIVAZ;VIVAZ ESTACAO VILA PRUDENTE
675;VIVAZ;VIVAZ SACOMA
676;VIVAZ;VIVAZ ESTACAO VILA PRUDENTE
677;VIVAZ;VIVAZ ITAQUERA
678;VIVAZ;VIVAZ JARDIM PRUDENCIA
679;VIVAZ;VIVAZ ESTACAO VILA PRUDENTE
680;VIVAZ;VIVAZ ESTACAO VILA PRUDENTE
681;VIVAZ;VIVAZ ESTACAO VILA PRUDENTE
682;VIVAZ;VIVAZ ITAQUERA
683;VIVAZ;VIVAZ ITAQUERA
684;VIVAZ;VIVAZ JARDIM PRUDENCIA
685;VIVAZ;VIVAZ JARDIM PRUDENCIA
686;VIVAZ;VIVAZ ESTACAO VILA PRUDENTE
687;VIVAZ;VIVAZ ESTACAO VILA PRUDENTE
688;VIVAZ;VIVAZ ESTACAO VILA PRUDENTE
689;VIVAZ;VIVAZ VILA GUILHERME
690;VIVAZ;VIVAZ VILA GUILHERME
691;VIVAZ;VIVAZ VILA GUILHERME
692;VIVAZ;VIVAZ VILA GUILHERME
693;VIVAZ;VIVAZ VILA GUILHERME
694;VIVAZ;VIVAZ VILA GUILHERME
695;VIVAZ;VIVAZ VILA GUILHERME
696;VIVAZ;MEU MUNDO ESTACAO MOOCA
697;VIVAZ;MEU MUNDO ESTACAO MOOCA
698;VIVAZ;VIVAZ SANTO AMARO
699;VIVAZ;VIVAZ SANTO AMARO
700;VIVAZ;VIVAZ ESTACAO ITAQUERA
701;VIVAZ;VIVAZ TABOAO DA SERRA
702;VIVAZ;VIVAZ TRANSAMERICA 2
703;VIVAZ;VIVAZ TRANSAMERICA 2
704;VIVAZ;VIVAZ TRANSAMERICA 2
705;VIVAZ;VIVAZ TRANSAMERICA 2
706;VIVAZ;VIVAZ TRANSAMERICA 2
707;VIVAZ;VIVAZ ESTACAO ITAQUERA 2
708;VIVAZ;VIVAZ ESTACAO ITAQUERA 2
709;VIVAZ;VIVAZ SOCORRO
710;VIVAZ;VIVAZ SOCORRO
711;VIVAZ;VIVAZ SOCORRO
712;VIVAZ;VIVAZ SOCORRO
713;VIVAZ;VIVAZ LAPA
714;VIVAZ;VIVAZ VILA ROMANA
715;VIVAZ;VIVAZ VILA ROMANA
716;VIVAZ;VIVAZ VILA ROMANA
717;VIVAZ;VIVAZ VILA ROMANA
718;VIVAZ;VIVAZ VILA ROMANA
719;VIVAZ;VIVAZ LAPA
720;VIVAZ;VIVAZ VILA ROMANA
721;VIVAZ;VIVAZ VILA ROMANA
722;VIVAZ;VIVAZ VILA ROMANA
723;VIVAZ;VIVAZ VILA ROMANA
724;VIVAZ;VIVAZ VILA ROMANA
725;VIVAZ;VIVAZ VILA ROMANA
726;VIVAZ;VIVAZ VILA ROMANA
727;VIVAZ;VIVAZ VILA ROMANA
728;VIVAZ;VIVAZ VILA ROMANA
729;VIVAZ;VIVAZ VILA ROMANA
730;VIVAZ;VIVAZ VILA ROMANA
731;VIVAZ;VIVAZ VILA ROMANA
732;VIVAZ;VIVAZ VILA ROMANA
733;VIVAZ;VIVAZ LAPA
734;VIVAZ;VIVAZ VILA ROMANA
735;VIVAZ;VIVAZ VILA ROMANA
736;VIVAZ;VIVAZ LAPA
737;VIVAZ;VIVAZ LAPA
738;VIVAZ;VIVAZ LAPA
739;VIVAZ;VIVAZ LAPA
740;VIVAZ;VIVAZ LAPA
741;VIVAZ;VIVAZ LAPA
742;VIVAZ;VIVAZ LAPA
743;VIVAZ;VIVAZ LAPA
744;VIVAZ;VIVAZ LAPA
745;VIVAZ;VIVAZ LAPA
746;VIVAZ;VIVAZ LAPA
747;VIVAZ;VIVAZ JARDIM PIRITUBA 2
748;VIVAZ;VIVAZ ESTAÇÃO BELÉM
749;VIVAZ;VIVAZ LAPA
750;VIVAZ;VIVAZ LAPA
751;VIVAZ;VIVAZ ESTACAO VILA PRUDENTE
752;VIVAZ;VIVAZ JARDIM PRUDENCIA
753;VIVAZ;VIVAZ LAPA
754;VIVAZ;VIVAZ ESTACAO VILA PRUDENTE
755;VIVAZ;VIVAZ ESTACAO VILA PRUDENTE
756;VIVAZ;VIVAZ ESTACAO VILA PRUDENTE
757;VIVAZ;VIVAZ ESTACAO VILA PRUDENTE
758;VIVAZ;VIVAZ ESTACAO VILA PRUDENTE
759;VIVAZ;VIVAZ ESTACAO VILA PRUDENTE
760;VIVAZ;VIVAZ ESTACAO VILA PRUDENTE
761;VIVAZ;VIVAZ ESTACAO VILA PRUDENTE
762;VIVAZ;VIVAZ ESTACAO VILA PRUDENTE
763;VIVAZ;VIVAZ ESTACAO VILA PRUDENTE
764;VIVAZ;VIVAZ TRANSAMERICA
765;VIVAZ;VIVAZ SACOMA
766;VIVAZ;VIVAZ ESTACAO VILA PRUDENTE
767;VIVAZ;VIVAZ JARDIM PRUDENCIA
768;VIVAZ;VIVAZ ESTACAO VILA PRUDENTE
769;VIVAZ;VIVAZ ESTACAO VILA PRUDENTE
770;VIVAZ;VIVAZ ESTACAO VILA PRUDENTE
771;VIVAZ;VIVAZ VILA GUILHERME
772;VIVAZ;VIVAZ VILA GUILHERME
773;VIVAZ;VIVAZ VILA GUILHERME
774;VIVAZ;VIVAZ VILA GUILHERME
775;VIVAZ;VIVAZ VILA GUILHERME
776;VIVAZ;VIVAZ VILA GUILHERME
777;VIVAZ;VIVAZ VILA GUILHERME
778;VIVAZ;VIVAZ JARDIM PIRITUBA
779;VIVAZ;MEU MUNDO ESTACAO MOOCA
780;VIVAZ;MEU MUNDO ESTACAO MOOCA
781;VIVAZ;MEU MUNDO ESTACAO MOOCA
782;VIVAZ;MEU MUNDO ESTACAO MOOCA
783;VIVAZ;MEU MUNDO ESTACAO MOOCA
784;VIVAZ;MEU MUNDO ESTACAO MOOCA
785;VIVAZ;MEU MUNDO ESTACAO MOOCA
786;VIVAZ;MEU MUNDO ESTACAO MOOCA
787;VIVAZ;MEU MUNDO ESTACAO MOOCA
788;VIVAZ;MEU MUNDO ESTACAO MOOCA
789;VIVAZ;MEU MUNDO ESTACAO MOOCA
790;VIVAZ;VIVAZ JARDIM PIRITUBA
791;VIVAZ;VIVAZ ESTAÇÃO GUAIANASES
792;VIVAZ;VIVAZ ESTAÇÃO GUAIANASES
793;VIVAZ;VIVAZ ESTAÇÃO GUAIANASES
794;VIVAZ;VIVAZ ESTAÇÃO GUAIANASES
795;VIVAZ;VIVAZ ESTAÇÃO GUAIANASES
796;VIVAZ;VIVAZ ESTAÇÃO GUAIANASES
797;VIVAZ;VIVAZ ESTAÇÃO GUAIANASES
798;VIVAZ;VIVAZ SANTO AMARO
799;VIVAZ;VIVAZ SANTO AMARO
800;VIVAZ;VIVAZ SANTO AMARO
801;VIVAZ;VIVAZ SANTO AMARO
802;VIVAZ;VIVAZ SANTO AMARO
803;VIVAZ;VIVAZ SANTO AMARO
804;VIVAZ;VIVAZ SANTO AMARO
805;VIVAZ;VIVAZ SANTO AMARO
806;VIVAZ;VIVAZ SANTO AMARO
807;VIVAZ;VIVAZ SANTO AMARO
808;VIVAZ;VIVAZ SANTO AMARO
809;VIVAZ;VIVAZ SANTO AMARO
810;VIVAZ;VIVAZ SANTO AMARO
811;VIVAZ;VIVAZ SANTO AMARO
812;VIVAZ;VIVAZ SANTO AMARO
813;VIVAZ;VIVAZ SANTO AMARO
814;VIVAZ;VIVAZ SANTO AMARO
815;VIVAZ;VIVAZ LAPA - TORNA PERMUTANTE
816;VIVAZ;VIVAZ ESTACAO ITAQUERA
817;VIVAZ;VIVAZ ESTACAO ITAQUERA
818;VIVAZ;VIVAZ ESTACAO ITAQUERA
819;VIVAZ;VIVAZ ESTACAO ITAQUERA
820;VIVAZ;VIVAZ ESTACAO ITAQUERA
821;VIVAZ;VIVAZ ESTACAO ITAQUERA
822;VIVAZ;VIVAZ ESTACAO ITAQUERA
823;VIVAZ;VIVAZ ESTACAO ITAQUERA
824;VIVAZ;VIVAZ ESTACAO ITAQUERA
825;VIVAZ;VIVAZ ESTACAO ITAQUERA
826;VIVAZ;VIVAZ ESTACAO ITAQUERA
827;VIVAZ;VIVAZ ESTACAO ITAQUERA
828;VIVAZ;VIVAZ ESTACAO ITAQUERA
829;VIVAZ;VIVAZ ESTACAO ITAQUERA
830;VIVAZ;VIVAZ ESTACAO ITAQUERA
831;VIVAZ;VIVAZ ESTACAO ITAQUERA
832;VIVAZ;VIVAZ ESTACAO ITAQUERA
833;VIVAZ;VIVAZ JARDIM PIRITUBA 2
834;VIVAZ;VIVAZ JARDIM PRUDENCIA
835;VIVAZ;VIVAZ JARDIM PRUDENCIA
836;VIVAZ;VIVAZ TRANSAMERICA
837;VIVAZ;VIVAZ TRANSAMERICA
838;VIVAZ;VIVAZ TRANSAMERICA
839;VIVAZ;VIVAZ TRANSAMERICA
840;VIVAZ;VIVAZ TRANSAMERICA
841;VIVAZ;VIVAZ TABOAO DA SERRA
842;VIVAZ;VIVAZ TABOAO DA SERRA
843;VIVAZ;VIVAZ TABOAO DA SERRA
844;VIVAZ;VIVAZ TABOAO DA SERRA
845;VIVAZ;VIVAZ TABOAO DA SERRA
846;VIVAZ;VIVAZ TABOAO DA SERRA
847;VIVAZ;VIVAZ TABOAO DA SERRA
848;VIVAZ;VIVAZ TABOAO DA SERRA
849;VIVAZ;VIVAZ TABOAO DA SERRA
850;VIVAZ;VIVAZ TABOAO DA SERRA
851;VIVAZ;VIVAZ TABOAO DA SERRA
852;VIVAZ;VIVAZ TABOAO DA SERRA
853;VIVAZ;VIVAZ TRANSAMERICA
854;VIVAZ;VIVAZ TABOAO DA SERRA
855;VIVAZ;VIVAZ TABOAO DA SERRA
856;VIVAZ;VIVAZ TABOAO DA SERRA
857;VIVAZ;VIVAZ TRANSAMERICA
858;VIVAZ;VIVAZ TRANSAMERICA
859;VIVAZ;VIVAZ TRANSAMERICA
860;VIVAZ;VIVAZ TRANSAMERICA
861;VIVAZ;VIVAZ JARDIM PRUDENCIA
862;VIVAZ;VIVAZ JARDIM PRUDENCIA
863;VIVAZ;VIVAZ TRANSAMERICA
864;VIVAZ;VIVAZ JARDIM PRUDENCIA
865;VIVAZ;VIVAZ TRANSAMERICA 2
866;VIVAZ;VIVAZ TRANSAMERICA 2
867;VIVAZ;VIVAZ TRANSAMERICA 2
868;VIVAZ;VIVAZ TRANSAMERICA 2
869;VIVAZ;VIVAZ TRANSAMERICA 2
870;VIVAZ;VIVAZ TRANSAMERICA 2
871;VIVAZ;VIVAZ TRANSAMERICA 2
872;VIVAZ;VIVAZ TRANSAMERICA 2
873;VIVAZ;VIVAZ TRANSAMERICA 2
874;VIVAZ;VIVAZ TRANSAMERICA 2
875;VIVAZ;VIVAZ TRANSAMERICA 2
876;VIVAZ;VIVAZ TRANSAMERICA 2
877;VIVAZ;VIVAZ TRANSAMERICA 2
878;VIVAZ;VIVAZ TRANSAMERICA 2
879;VIVAZ;VIVAZ TRANSAMERICA 2
880;VIVAZ;VIVAZ TRANSAMERICA 2
881;VIVAZ;VIVAZ TRANSAMERICA 2
882;VIVAZ;VIVAZ TRANSAMERICA 2
883;VIVAZ;VIVAZ TRANSAMERICA 2
884;VIVAZ;VIVAZ JOÃO DE LUCA
885;VIVAZ;VIVAZ JOÃO DE LUCA
886;VIVAZ;VIVAZ JOÃO DE LUCA
887;VIVAZ;VIVAZ JOÃO DE LUCA
888;VIVAZ;VIVAZ JOÃO DE LUCA
889;VIVAZ;VIVAZ JOÃO DE LUCA
890;VIVAZ;VIVAZ JOÃO DE LUCA
891;VIVAZ;VIVAZ JOÃO DE LUCA
892;VIVAZ;VIVAZ JOÃO DE LUCA
893;VIVAZ;VIVAZ JOÃO DE LUCA
894;VIVAZ;VIVAZ JOÃO DE LUCA
895;VIVAZ;VIVAZ JOÃO DE LUCA
896;VIVAZ;VIVAZ JOÃO DE LUCA
897;VIVAZ;VIVAZ JOÃO DE LUCA
898;VIVAZ;VIVAZ JOÃO DE LUCA
899;VIVAZ;VIVAZ JOÃO DE LUCA
900;VIVAZ;VIVAZ JOÃO DE LUCA
901;VIVAZ;VIVAZ JOÃO DE LUCA
902;VIVAZ;VIVAZ JOÃO DE LUCA
903;VIVAZ;VIVAZ JOÃO DE LUCA
904;VIVAZ;VIVAZ JOÃO DE LUCA
905;VIVAZ;VIVAZ JOÃO DE LUCA
906;VIVAZ;VIVAZ JOÃO DE LUCA
907;VIVAZ;VIVAZ JOÃO DE LUCA
908;VIVAZ;VIVAZ JARDIM PRUDENCIA
909;VIVAZ;VIVAZ JOÃO DE LUCA
910;VIVAZ;VIVAZ JOÃO DE LUCA
911;VIVAZ;VIVAZ JOÃO DE LUCA
912;VIVAZ;VIVAZ JOÃO DE LUCA
913;VIVAZ;VIVAZ JOÃO DE LUCA
914;VIVAZ;VIVAZ JOÃO DE LUCA
915;VIVAZ;VIVAZ JOÃO DE LUCA
916;VIVAZ;VIVAZ JOÃO DE LUCA
917;VIVAZ;VIVAZ JOÃO DE LUCA
918;VIVAZ;VIVAZ JOÃO DE LUCA
919;VIVAZ;VIVAZ JOÃO DE LUCA
920;VIVAZ;VIVAZ JOÃO DE LUCA
921;VIVAZ;VIVAZ JOÃO DE LUCA
922;VIVAZ;VIVAZ JOÃO DE LUCA
923;VIVAZ;VIVAZ JOÃO DE LUCA
924;VIVAZ;VIVAZ JOÃO DE LUCA
925;VIVAZ;VIVAZ JOÃO DE LUCA
926;VIVAZ;VIVAZ JOÃO DE LUCA
927;VIVAZ;VIVAZ JOÃO DE LUCA
928;VIVAZ;VIVAZ JOÃO DE LUCA
929;VIVAZ;VIVAZ JOÃO DE LUCA
930;VIVAZ;VIVAZ JOÃO DE LUCA
931;VIVAZ;VIVAZ TRANSAMERICA
932;VIVAZ;VIVAZ ESTACAO ITAQUERA 2
933;VIVAZ;VIVAZ ESTACAO ITAQUERA 2
934;VIVAZ;VIVAZ ESTACAO ITAQUERA 2
935;VIVAZ;VIVAZ ESTACAO ITAQUERA 2
936;VIVAZ;VIVAZ ESTACAO ITAQUERA 2
937;VIVAZ;VIVAZ ESTACAO ITAQUERA 2
938;VIVAZ;VIVAZ ESTACAO ITAQUERA 2
939;VIVAZ;VIVAZ ESTACAO ITAQUERA 2
940;VIVAZ;VIVAZ ESTACAO ITAQUERA 2
941;VIVAZ;VIVAZ ESTACAO ITAQUERA 2
942;VIVAZ;VIVAZ ESTACAO ITAQUERA 2
943;VIVAZ;VIVAZ ESTACAO ITAQUERA 2
944;VIVAZ;VIVAZ ESTACAO ITAQUERA 2
945;VIVAZ;VIVAZ ESTACAO ITAQUERA 2
946;VIVAZ;VIVAZ ESTACAO ITAQUERA 2
947;VIVAZ;VIVAZ ESTACAO ITAQUERA 2
948;VIVAZ;VIVAZ ESTACAO ITAQUERA 2
949;VIVAZ;VIVAZ SACOMA
950;VIVAZ;VIVAZ ESTACAO ITAQUERA 2
951;VIVAZ;VIVAZ ESTACAO ITAQUERA 2
952;VIVAZ;VIVAZ ESTACAO ITAQUERA 2
953;VIVAZ;VIVAZ ESTACAO ITAQUERA 2
954;VIVAZ;VIVAZ SOCORRO
955;VIVAZ;VIVAZ SOCORRO
956;VIVAZ;VIVAZ SOCORRO
957;VIVAZ;VIVAZ SOCORRO
958;VIVAZ;VIVAZ SOCORRO
959;VIVAZ;VIVAZ SOCORRO
960;VIVAZ;VIVAZ SOCORRO
961;VIVAZ;VIVAZ SOCORRO
962;VIVAZ;VIVAZ SOCORRO
963;VIVAZ;VIVAZ SOCORRO
964;VIVAZ;VIVAZ SOCORRO
965;VIVAZ;VIVAZ SOCORRO
966;VIVAZ;VIVAZ SOCORRO
967;VIVAZ;VIVAZ SOCORRO
968;VIVAZ;VIVAZ SOCORRO
969;VIVAZ;VIVAZ SOCORRO
970;VIVAZ;VIVAZ VILA ROMANA
971;VIVAZ;VIVAZ VILA ROMANA
972;VIVAZ;VIVAZ VILA ROMANA
973;VIVAZ;VIVAZ VILA ROMANA
974;VIVAZ;VIVAZ VILA ROMANA
975;VIVAZ;VIVAZ VILA ROMANA
976;VIVAZ;VIVAZ VILA ROMANA
977;VIVAZ;VIVAZ VILA ROMANA
978;VIVAZ;VIVAZ VILA ROMANA
979;VIVAZ;VIVAZ VILA ROMANA
980;VIVAZ;VIVAZ VILA ROMANA
981;VIVAZ;VIVAZ VILA ROMANA
982;VIVAZ;VIVAZ VILA ROMANA
983;VIVAZ;VIVAZ VILA ROMANA
984;VIVAZ;VIVAZ VILA ROMANA
985;VIVAZ;VIVAZ VILA ROMANA
986;VIVAZ;VIVAZ VILA ROMANA
987;VIVAZ;VIVAZ VILA ROMANA
988;VIVAZ;VIVAZ LAPA
989;VIVAZ;VIVAZ VILA ROMANA
990;VIVAZ;VIVAZ VILA ROMANA
991;VIVAZ;VIVAZ LAPA
992;VIVAZ;VIVAZ VILA ROMANA
993;VIVAZ;VIVAZ VILA ROMANA
994;VIVAZ;VIVAZ VILA ROMANA
995;VIVAZ;VIVAZ VILA ROMANA
996;VIVAZ;VIVAZ LAPA
997;VIVAZ;VIVAZ LAPA
998;VIVAZ;VIVAZ JARDIM PIRITUBA
999;VIVAZ;VIVAZ JARDIM PIRITUBA
1000;VIVAZ;VIVAZ JARDIM PIRITUBA
1001;VIVAZ;VIVAZ JARDIM PIRITUBA
1002;VIVAZ;VIVAZ LAPA
1003;VIVAZ;VIVAZ CANTAREIRA
1004;VIVAZ;VIVAZ LAPA
1005;VIVAZ;VIVAZ JARDIM PIRITUBA 2
1006;VIVAZ;VIVAZ JARDIM PIRITUBA 2
1007;VIVAZ;VIVAZ ESTAÇÃO BELÉM
1008;VIVAZ;VIVAZ LAPA
1009;VIVAZ;VIVAZ LAPA
1010;VIVAZ;VIVAZ LAPA
1011;VIVAZ;VIVAZ LAPA
1012;VIVAZ;VIVAZ LAPA
1013;VIVAZ;VIVAZ LAPA
1014;VIVAZ;VIVAZ LAPA
1015;VIVAZ;VIVAZ LAPA
1016;VIVAZ;VIVAZ LAPA
1017;VIVAZ;VIVAZ LAPA
1018;VIVAZ;VIVAZ LAPA
1019;VIVAZ;VIVAZ LAPA
1020;VIVAZ;VIVAZ LAPA
1021;VIVAZ;VIVAZ LAPA
1022;VIVAZ;VIVAZ LAPA
1023;VIVAZ;VIVAZ LAPA
1024;VIVAZ;VIVAZ ESTACAO VILA PRUDENTE
1025;VIVAZ;VIVAZ LAPA
1026;VIVAZ;VIVAZ LAPA
1027;VIVAZ;VIVAZ LAPA
1028;VIVAZ;VIVAZ LAPA
1029;VIVAZ;VIVAZ ESTACAO VILA PRUDENTE
1030;VIVAZ;VIVAZ LAPA
1031;VIVAZ;VIVAZ LAPA
1032;VIVAZ;VIVAZ LAPA
1033;VIVAZ;VIVAZ ESTACAO VILA PRUDENTE
1034;VIVAZ;VIVAZ LAPA
1035;VIVAZ;VIVAZ CANTAREIRA
1036;VIVAZ;VIVAZ CANTAREIRA
1037;VIVAZ;VIVAZ CANTAREIRA
1038;VIVAZ;VIVAZ CANTAREIRA
1039;VIVAZ;VIVAZ ESTAÇÃO BELÉM
1040;VIVAZ;VIVAZ ESTAÇÃO BELÉM
1041;VIVAZ;VIVAZ ESTAÇÃO BELÉM
1042;VIVAZ;VIVAZ ESTAÇÃO BELÉM
1043;VIVAZ;VIVAZ ESTAÇÃO BELÉM
1044;VIVAZ;VIVAZ ESTAÇÃO BELÉM
1045;VIVAZ;VIVAZ ESTAÇÃO BELÉM
1046;VIVAZ;VIVAZ ESTAÇÃO BELÉM
1047;VIVAZ;VIVAZ ESTAÇÃO BELÉM
1048;VIVAZ;VIVAZ ESTAÇÃO BELÉM
1049;VIVAZ;VIVAZ ESTAÇÃO BELÉM
1050;VIVAZ;VIVAZ ESTACAO VILA PRUDENTE
1051;VIVAZ;VIVAZ ESTACAO VILA PRUDENTE
1052;VIVAZ;VIVAZ ESTAÇÃO BELÉM
1053;VIVAZ;VIVAZ ESTAÇÃO BELÉM
1054;VIVAZ;VIVAZ ESTAÇÃO BELÉM
1055;VIVAZ;VIVAZ ESTAÇÃO BELÉM
1056;VIVAZ;VIVAZ ESTAÇÃO BELÉM
1057;VIVAZ;VIVAZ ESTAÇÃO BELÉM
1058;VIVAZ;VIVAZ ESTAÇÃO BELÉM
1059;VIVAZ;VIVAZ ESTAÇÃO BELÉM
1060;VIVAZ;VIVAZ ESTAÇÃO BELÉM
1061;VIVAZ;VIVAZ ESTAÇÃO BELÉM
1062;VIVAZ;VIVAZ ESTACAO VILA PRUDENTE
1063;VIVAZ;VIVAZ ESTAÇÃO BELÉM
1064;VIVAZ;VIVAZ ESTACAO VILA PRUDENTE
1065;VIVAZ;VIVAZ TRANSAMERICA
1066;VIVAZ;VIVAZ TRANSAMERICA
1067;VIVAZ;VIVAZ ESTACAO VILA PRUDENTE
1068;VIVAZ;VIVAZ TRANSAMERICA
1069;VIVAZ;VIVAZ ESTACAO VILA PRUDENTE
1070;VIVAZ;VIVAZ TRANSAMERICA
1071;VIVAZ;VIVAZ TRANSAMERICA
1072;VIVAZ;VIVAZ ESTACAO VILA PRUDENTE
1073;VIVAZ;VIVAZ ESTACAO VILA PRUDENTE
1074;VIVAZ;VIVAZ TRANSAMERICA
1075;VIVAZ;VIVAZ ESTACAO VILA PRUDENTE
1076;VIVAZ;VIVAZ TRANSAMERICA
1077;VIVAZ;VIVAZ ESTACAO VILA PRUDENTE
1078;VIVAZ;VIVAZ ESTACAO VILA PRUDENTE
1079;VIVAZ;VIVAZ ESTACAO VILA PRUDENTE
1080;VIVAZ;VIVAZ ESTACAO VILA PRUDENTE
1081;VIVAZ;VIVAZ SACOMA
1082;VIVAZ;VIVAZ ESTACAO VILA PRUDENTE
1083;VIVAZ;VIVAZ SACOMA
1084;VIVAZ;VIVAZ ESTACAO VILA PRUDENTE
1085;VIVAZ;VIVAZ SACOMA
1086;VIVAZ;VIVAZ ITAQUERA
1087;VIVAZ;VIVAZ SACOMA
1088;VIVAZ;VIVAZ SACOMA
1089;VIVAZ;VIVAZ SACOMA
1090;VIVAZ;VIVAZ SACOMA
1091;VIVAZ;VIVAZ ESTACAO VILA PRUDENTE
1092;VIVAZ;VIVAZ ESTACAO VILA PRUDENTE
1093;VIVAZ;VIVAZ ESTACAO VILA PRUDENTE
1094;VIVAZ;VIVAZ JARDIM PRUDENCIA
1095;VIVAZ;VIVAZ ESTACAO VILA PRUDENTE
1096;VIVAZ;VIVAZ ITAQUERA
1097;VIVAZ;VIVAZ ESTACAO VILA PRUDENTE
1098;VIVAZ;VIVAZ ITAQUERA
1099;VIVAZ;VIVAZ ITAQUERA
1100;;
1101;;
1102;;
1103;;
1104;;
1105;;
1106;;
1107;;
1108;;
1109;;
1110;;
1111;;
1112;;
1113;;
1114;;
1115;;
1116;;
1117;;
1118;;
1119;;
1120;;
1121;;
1122;;
1123;;
1124;;
1125;;
1126;;
1127;;
1128;;
1129;;
1130;;
1131;;
1132;;
1133;;
1134;;
1135;;
1136;;
1137;;
1138;;
1139;;
1140;;
1141;;
1142;;
1143;;
1144;;
1145;;
1146;;
1147;;
1148;;
1149;;
1150;;
1151;;
1152;;
1153;;
1154;;
1155;;
1156;;
1157;;
1158;;
1159;;
1160;;
1161;;
1162;;
1163;;
1164;;
1165;;
1166;;
1167;;
1168;;
1169;;
1170;;
1171;;
1172;;
1173;;
1174;;
1175;;
1176;;
1177;;
1178;;
1179;;
1180;;
1181;;
1182;;
1183;;
1184;;
1185;;
1186;;
1187;;
1188;;
1189;;
1190;;
1191;;
1192;;
1193;;
1194;;
1195;;
1196;;
1197;;
1198;;
1199;;
1200;;
1201;;
1202;;
1203;;
1204;;
1205;;
1206;;
1207;;
1208;;
1209;;
1210;;
1211;;
1212;;
1213;;
1214;;
1215;;
1216;;
1217;;
1218;;
1219;;
1220;;
1221;;
1222;;
1223;;
1224;;
1225;;
1226;;
1227;;
1228;;
1229;;
1230;;
1231;;
1232;;
1233;;
1234;;
1235;;
1236;;
1237;;
1238;;
1239;;
1240;;
1241;;
1242;;
1243;;
1244;;
1245;;
1246;;
1247;;
1248;;
1249;;
1250;;
1251;;
1252;;
1253;;
1254;;
1255;;
1256;;
1257;;
1258;;
1259;;
1260;;
1261;;
1262;;
1263;;
1264;;
1265;;
1266;;
1267;;
1268;;
1269;;
1270;;
1271;;
1272;;
1273;;
1274;;
1275;;
1276;;
1277;;
1278;;
1279;;
1280;;
1281;;
1282;;
1283;;
1284;;
1285;;
1286;;
1287;;
1288;;
1289;;
1290;;
1291;;
1292;;
1293;;
1294;;
1295;;
1296;;
1297;;
1298;;
1299;;
1300;;
1301;;
1302;;
1303;;
1304;;
1305;;
1306;;
1307;;
1308;;
1309;;
1310;;
1311;;
1312;;
1313;;
1314;;
1315;;
1316;;
1317;;
1318;;
1319;;
1320;;
1321;;
1322;;
1323;;
1324;;
1325;;
1326;;
1327;;
1328;;
1329;;
1330;;
1331;;
1332;;
1333;;
1334;;
1335;;
1336;;
1337;;
1338;;
1339;;
1340;;
1341;;
1342;;
1343;;
1344;;
1345;;
1346;;
1347;;
1348;;
1349;;
1350;;
1351;;
1352;;
1353;;
1354;;
1355;;
1356;;
1357;;
1358;;
1359;;
1360;;
1361;;
1362;;
1363;;
1364;;
1365;;
1366;;
1367;;
1368;;
1369;;
1370;;
1371;;
1372;;
1373;;
1374;;
1375;;
1376;;
1377;;
1378;;
1379;;
1380;;
1381;;
1382;;
1383;;
1384;;
1385;;
1386;;
1387;;
1388;;
1389;;
1390;;
1391;;
1392;;
1393;;
1394;;
1395;;
1396;;
1397;;
1398;;
1399;;
1400;;
1401;;
1402;;
1403;;
1404;;
1405;;
1406;;
1407;;
1408;;
1409;;
1410;;
1411;;
1412;;
1413;;
1414;;
1415;;
1416;;
1417;;
1418;;
1419;;
1420;;
1421;;
1422;;
1423;;
1424;;
1425;;
1426;;
1427;;
1428;;
1429;;
1430;;
1431;;
1432;;
1433;;
1434;;
1435;;
1436;;
1437;;
1438;;
1439;;
1440;;
1441;;
1442;;
1443;;
1444;;
1445;;
1446;;
1447;;
1448;;
1449;;
1450;;
1451;;
1452;;
1453;;
1454;;
1455;;
1456;;
1457;;
1458;;
1459;;
1460;;
1461;;
1462;;
1463;;
1464;;
1465;;
1466;;
1467;;
1468;;
1469;;
1470;;
1471;;
1472;;
1473;;
1474;;
1475;;
1476;;
1477;;
1478;;
1479;;
1480;;
1481;;
1482;;
1483;;
1484;;
1485;;
1486;;
1487;;
1488;;
1489;;
1490;;
1491;;
1492;;
1493;;
1494;;
1495;;
1496;;
1497;;
1498;;
1499;;
1500;;
1501;;
1502;;
1503;;
1504;;
1505;;
1506;;
1507;;
1508;;
1509;;
1510;;
1511;;
1512;;
1513;;
1514;;
1515;;
1516;;
1517;;
1518;;
1519;;
1520;;
1521;;
1522;;
1523;;
1524;;
1525;;
1526;;
1527;;
1528;;
1529;;
1530;;
1531;;
1532;;
1533;;
1534;;
1535;;
1536;;
1537;;
1538;;
1539;;
1540;;
1541;;
1542;;
1543;;
1544;;
1545;;
1546;;
1547;;
1548;;
1549;;
1550;;
1551;;
1552;;
1553;;
1554;;
1555;;
1556;;
1557;;
1558;;
1559;;
1560;;
1561;;
1562;;
1563;;
1564;;
1565;;
1566;;
1567;;
1568;;
1569;;
1570;;
1571;;
1572;;
1573;;
1574;;
1575;;
1576;;
1577;;
1578;;
1579;;
1580;;
1581;;
1582;;
1583;;
1584;;
1585;;
1586;;
1587;;
1588;;
1589;;
1590;;
1591;;
1592;;
1593;;
1594;;
1595;;
1596;;
1597;;
1598;;
1599;;
1600;;
1601;;
1602;;
1603;;
1604;;
1605;;
1606;;
1607;;
1608;;
1609;;
1610;;
1611;;
1612;;
1613;;
1614;;
1615;;
1616;;
1617;;
1618;;
1619;;
1620;;
1621;;
1622;;
1623;;
1624;;
1625;;
1626;;
1627;;
1628;;
1629;;
1630;;
1631;;
1632;;
1633;;
1634;;
1635;;
1636;;
1637;;
1638;;
1639;;
1640;;
1641;;
1642;;
1643;;
1644;;
1645;;
1646;;
1647;;
1648;;
1649;;
1650;;
1651;;
1652;;
1653;;
1654;;
1655;;
1656;;
1657;;
1658;;
1659;;
1660;;
1661;;
1662;;
1663;;
1664;;
1665;;
1666;;
1667;;
1668;;
1669;;
1670;;
1671;;
1672;;
1673;;
1674;;
1675;;
1676;;
1677;;
1678;;
1679;;
1680;;
1681;;
1682;;
1683;;
1684;;
1685;;
1686;;
1687;;
1688;;
1689;;
1690;;
1691;;
1692;;
1693;;
1694;;
1695;;
1696;;
1697;;
1698;;
1699;;
1700;;
1701;;
1702;;
1703;;
1704;;
1705;;
1706;;
1707;;
1708;;
1709;;
1710;;
1711;;
1712;;
1713;;
1714;;
1715;;
1716;;
1717;;
1718;;
1719;;
1720;;
1721;;
1722;;
1723;;
1724;;
1725;;
1726;;
1727;;
1728;;
1729;;
1730;;
1731;;
1732;;
1733;;
1734;;
1735;;
1736;;
1737;;
1738;;
1739;;
1740;;
1741;;
1742;;
1743;;
1744;;
1745;;
1746;;
1747;;
1748;;
1749;;
1750;;
1751;;
1752;;
1753;;
1754;;
1755;;
1756;;
1757;;
1758;;
1759;;
1760;;
1761;;
1762;;
1763;;
1764;;
1765;;
1766;;
1767;;
1768;;
1769;;
1770;;
1771;;
1772;;
1773;;
1774;;
1775;;
1776;;
1777;;
1778;;
1779;;
1780;;
1781;;
1782;;
1783;;
1784;;
1785;;
1786;;
1787;;
1788;;
1789;;
1790;;
1791;;
1792;;
1793;;
1794;;
1795;;
1796;;
1797;;
1798;;
1799;;
1800;;
1801;;
1802;;
1803;;
1804;;
1805;;
1806;;
1807;;
1808;;
1809;;
1810;;
1811;;
1812;;
1813;;
1814;;
1815;;
1816;;
1817;;
1818;;
1819;;
1820;;
1821;;
1822;;
1823;;
1824;;
1825;;
1826;;
1827;;
1828;;
1829;;
1830;;
1831;;
1832;;
1833;;
1834;;
1835;;
1836;;
1837;;
1838;;
1839;;
1840;;
1841;;
1842;;
1843;;
1844;;
1845;;
1846;;
1847;;
1848;;
1849;;
1850;;
1851;;
1852;;
1853;;
1854;;
1855;;
1856;;
1857;;
1858;;
1859;;
1860;;
1861;;
1862;;
1863;;
1864;;
1865;;
1866;;
1867;;
1868;;
1869;;
1870;;
1871;;
1872;;
1873;;
1874;;
1875;;
1876;;
1877;;
1878;;
1879;;
1880;;
1881;;
1882;;
1883;;
1884;;
1885;;
1886;;
1887;;
1888;;
1889;;
1890;;
1891;;
1892;;
1893;;
1894;;
1895;;
1896;;
1897;;
1898;;
1899;;
1900;;
1901;;
1902;;
1903;;
1904;;
1905;;
1906;;
1907;;
1908;;
1909;;
1910;;
1911;;
1912;;
1913;;
1914;;
1915;;
1916;;
1917;;
1918;;
1919;;
1920;;
1921;;
1922;;
1923;;
1924;;
1925;;
1926;;
1927;;
1928;;
1929;;
1930;;
1931;;
1932;;
1933;;
1934;;
1935;;
1936;;
1937;;
1938;;
1939;;
1940;;
1941;;
1942;;
1943;;
1944;;
1945;;
1946;;
1947;;
1948;;
1949;;
1950;;
1951;;
1952;;
1953;;
1954;;
1955;;
1956;;
1957;;
1958;;
1959;;
1960;;
1961;;
1962;;
1963;;
1964;;
1965;;
1966;;
1967;;
1968;;
1969;;
1970;;
1971;;
1972;;
1973;;
1974;;
1975;;
1976;;
1977;;
1978;;
1979;;
1980;;
1981;;
1982;;
1983;;
1984;;
1985;;
1986;;
1987;;
1988;;
1989;;
1990;;
1991;;
1992;;
1993;;
1994;;
1995;;
1996;;
1997;;
1998;;
1999;;
2000;;
2001;;
2002;;
2003;;
2004;;
2005;;
2006;;
2007;;
2008;;
2009;;
2010;;
2011;;
2012;;
2013;;
2014;;
2015;;
2016;;
2017;;
2018;;
2019;;
2020;;
2021;;
2022;;
2023;;
2024;;
2025;;
2026;;
2027;;
2028;;
2029;;
2030;;
2031;;
2032;;
2033;;
2034;;
2035;;
2036;;
2037;;
2038;;
2039;;
2040;;
2041;;
2042;;
2043;;
2044;;
2045;;
2046;;
2047;;
2048;;
2049;;
2050;;
2051;;
2052;;
2053;;
2054;;
2055;;
2056;;
2057;;
2058;;
2059;;
2060;;
2061;;
2062;;
2063;;
2064;;
2065;;
2066;;
2067;;
2068;;
2069;;
2070;;
2071;;
2072;;
2073;;
2074;;
2075;;
2076;;
2077;;
2078;;
2079;;
2080;;
2081;;
2082;;
2083;;
2084;;
2085;;
2086;;
2087;;
2088;;
2089;;
2090;;
2091;;
2092;;
2093;;
2094;;
2095;;
2096;;
2097;;
2098;;
2099;;
2100;;
2101;;
2102;;
2103;;
2104;;
2105;;
2106;;
2107;;
2108;;
2109;;
2110;;
2111;;
2112;;
2113;;
2114;;
2115;;
2116;;
2117;;
2118;;
2119;;
2120;;
2121;;
2122;;
2123;;
2124;;
2125;;
2126;;
2127;;
2128;;
2129;;
2130;;
2131;;
2132;;
2133;;
2134;;
2135;;
2136;;
2137;;
2138;;
2139;;
2140;;
2141;;
2142;;
2143;;
2144;;
2145;;
2146;;
2147;;
2148;;
2149;;
2150;;
2151;;
2152;;
2153;;
2154;;
2155;;
2156;;
2157;;
2158;;
2159;;
2160;;
2161;;
2162;;
2163;;
2164;;
2165;;
2166;;
2167;;
2168;;
2169;;
2170;;
2171;;
2172;;
2173;;
2174;;
2175;;
2176;;
2177;;
2178;;
2179;;
2180;;
2181;;
2182;;
2183;;
2184;;
2185;;
2186;;
2187;;
2188;;
2189;;
2190;;
2191;;
2192;;
2193;;
2194;;
2195;;
2196;;
2197;;
2198;;
2199;;
2200;;
2201;;
2202;;
2203;;
2204;;
2205;;
2206;;
2207;;
2208;;
2209;;
2210;;
2211;;
2212;;
2213;;
2214;;
2215;;
2216;;
2217;;
2218;;
2219;;
2220;;
2221;;
2222;;
2223;;
2224;;
2225;;
2226;;
2227;;
2228;;
2229;;
2230;;
2231;;
2232;;
2233;;
2234;;
2235;;
2236;;
2237;;
2238;;
2239;;
2240;;
2241;;
2242;;
2243;;
2244;;
2245;;
2246;;
2247;;
2248;;
2249;;
2250;;
2251;;
2252;;
2253;;
2254;;
2255;;
2256;;
2257;;
2258;;
2259;;
2260;;
2261;;
2262;;
2263;;
2264;;
2265;;
2266;;
2267;;
2268;;
2269;;
2270;;
2271;;
2272;;
2273;;
2274;;
2275;;
2276;;
2277;;
2278;;
2279;;
2280;;
2281;;
2282;;
2283;;
2284;;
2285;;
2286;;
2287;;
2288;;
2289;;
2290;;
2291;;
2292;;
2293;;
2294;;
2295;;
2296;;
2297;;
2298;;
2299;;
2300;;
2301;;
2302;;
2303;;
2304;;
2305;;
2306;;
2307;;
2308;;
2309;;
2310;;
2311;;
2312;;
2313;;
2314;;
2315;;
2316;;
2317;;
2318;;
2319;;
2320;;
2321;;
2322;;
2323;;
2324;;
2325;;
2326;;
2327;;
2328;;
2329;;
2330;;
2331;;
2332;;
2333;;
2334;;
2335;;
2336;;
2337;;
2338;;
2339;;
2340;;
2341;;
2342;;
2343;;
2344;;
2345;;
2346;;
2347;;
2348;;
2349;;
2350;;
2351;;
2352;;
2353;;
2354;;
2355;;
2356;;
2357;;
2358;;
2359;;
2360;;
2361;;
2362;;
2363;;
2364;;
2365;;
2366;;
2367;;
2368;;
2369;;
2370;;
2371;;
2372;;
2373;;
2374;;
2375;;
2376;;
2377;;
2378;;
2379;;
2380;;
2381;;
2382;;
2383;;
2384;;
2385;;
2386;;
2387;;
2388;;
2389;;
2390;;
2391;;
2392;;
2393;;
2394;;
2395;;
2396;;
2397;;
2398;;
2399;;
2400;;
2401;;
2402;;
2403;;
2404;;
2405;;
2406;;
2407;;
2408;;
2409;;
2410;;
2411;;
2412;;
2413;;
2414;;
2415;;
2416;;
2417;;
2418;;
2419;;
2420;;
2421;;
2422;;
2423;;
2424;;
2425;;
2426;;
2427;;
2428;;
2429;;
2430;;
2431;;
2432;;
2433;;
2434;;
2435;;
2436;;
2437;;
2438;;
2439;;
2440;;
2441;;
2442;;
2443;;
2444;;
2445;;
2446;;
2447;;
2448;;
2449;;
2450;;
2451;;
2452;;
2453;;
2454;;
2455;;
2456;;
2457;;
2458;;
2459;;
2460;;
2461;;
2462;;
2463;;
2464;;
2465;;
2466;;
2467;;
2468;;
2469;;
2470;;
2471;;
2472;;
2473;;
2474;;
2475;;
2476;;
2477;;
2478;;
2479;;
2480;;
2481;;
2482;;
2483;;
2484;;
2485;;
2486;;
2487;;
2488;;
2489;;
2490;;
2491;;
2492;;
2493;;
2494;;
2495;;
2496;;
2497;;
2498;;
2499;;
2500;;
2501;;
2502;;
2503;;
2504;;
2505;;
2506;;
2507;;
2508;;
2509;;
2510;;
2511;;
2512;;
2513;;
2514;;
2515;;
2516;;
2517;;
2518;;
2519;;
2520;;
2521;;
2522;;
2523;;
2524;;
2525;;
2526;;
2527;;
2528;;
2529;;
2530;;
2531;;
2532;;
2533;;
2534;;
2535;;
2536;;
2537;;
2538;;
2539;;
2540;;
2541;;
2542;;
2543;;
2544;;
2545;;
2546;;
2547;;
2548;;
2549;;
2550;;
2551;;
2552;;
2553;;
2554;;
2555;;
2556;;
2557;;
2558;;
2559;;
2560;;
2561;;
2562;;
2563;;
2564;;
2565;;
2566;;
2567;;
2568;;
2569;;
2570;;
2571;;
2572;;
2573;;
2574;;
2575;;
2576;;
2577;;
2578;;
2579;;
2580;;
2581;;
2582;;
2583;;
2584;;
2585;;
2586;;
2587;;
2588;;
2589;;
2590;;
2591;;
2592;;
2593;;
2594;;
2595;;
2596;;
2597;;
2598;;
2599;;
2600;;
2601;;
2602;;
2603;;
2604;;
2605;;
2606;;
2607;;
2608;;
2609;;
2610;;
2611;;
2612;;
2613;;
2614;;
2615;;
2616;;
2617;;
2618;;
2619;;
2620;;
2621;;
2622;;
2623;;
2624;;
2625;;
2626;;
2627;;
2628;;
2629;;
2630;;
2631;;
2632;;
2633;;
2634;;
2635;;
2636;;
2637;;
2638;;
2639;;
2640;;
2641;;
2642;;
2643;;
2644;;
2645;;
2646;;
2647;;
2648;;
2649;;
2650;;
2651;;
2652;;
2653;;
2654;;
2655;;
2656;;
2657;;
2658;;
2659;;
2660;;
2661;;
2662;;
2663;;
2664;;
2665;;
2666;;
2667;;
2668;;
2669;;
2670;;
2671;;
2672;;
2673;;
2674;;
2675;;
2676;;
2677;;
2678;;
2679;;
2680;;
2681;;
2682;;
2683;;
2684;;
2685;;
2686;;
2687;;
2688;;
2689;;
2690;;
2691;;
2692;;
2693;;
2694;;
2695;;
2696;;
2697;;
2698;;
2699;;
2700;;
2701;;
2702;;
2703;;
2704;;
2705;;
2706;;
2707;;
2708;;
2709;;
2710;;
2711;;
2712;;
2713;;
2714;;
2715;;
2716;;
2717;;
2718;;
2719;;
2720;;
2721;;
2722;;
2723;;
2724;;
2725;;
2726;;
2727;;
2728;;
2729;;
2730;;
2731;;
2732;;
2733;;
2734;;
2735;;
2736;;
2737;;
2738;;
2739;;
2740;;
2741;;
2742;;
2743;;
2744;;
2745;;
2746;;
2747;;
2748;;
2749;;
2750;;
2751;;
2752;;
2753;;
2754;;
2755;;
2756;;
2757;;
2758;;
2759;;
2760;;
2761;;
2762;;
2763;;
2764;;
2765;;
2766;;
2767;;
2768;;
2769;;
2770;;
2771;;
2772;;
2773;;
2774;;
2775;;
2776;;
2777;;
2778;;
2779;;
2780;;
2781;;
2782;;
2783;;
2784;;
2785;;
2786;;
2787;;
2788;;
2789;;
2790;;
2791;;
2792;;
2793;;
2794;;
2795;;
2796;;
2797;;
2798;;
2799;;
2800;;
2801;;
2802;;
2803;;
2804;;
2805;;
2806;;
2807;;
2808;;
2809;;
2810;;
2811;;
2812;;
2813;;
2814;;
2815;;
2816;;
2817;;
2818;;
2819;;
2820;;
2821;;
2822;;
2823;;
2824;;
2825;;
2826;;
2827;;
2828;;
2829;;
2830;;
2831;;
2832;;
2833;;
2834;;
2835;;
2836;;
2837;;
2838;;
2839;;
2840;;
2841;;
2842;;
2843;;
2844;;
2845;;
2846;;
2847;;
2848;;
2849;;
2850;;
2851;;
2852;;
2853;;
2854;;
2855;;
2856;;
2857;;
2858;;
2859;;
2860;;
2861;;
2862;;
2863;;
2864;;
2865;;
2866;;
2867;;
2868;;
2869;;
2870;;
2871;;
2872;;
2873;;
2874;;
2875;;
2876;;
2877;;
2878;;
2879;;
2880;;
2881;;
2882;;
2883;;
2884;;
2885;;
2886;;
2887;;
2888;;
2889;;
2890;;
2891;;
2892;;
2893;;
2894;;
2895;;
2896;;
2897;;
2898;;
2899;;
2900;;
2901;;
2902;;
2903;;
2904;;
2905;;
2906;;
2907;;
2908;;
2909;;
2910;;
2911;;
2912;;
2913;;
2914;;
2915;;
2916;;
2917;;
2918;;
2919;;
2920;;
2921;;
2922;;
2923;;
2924;;
2925;;
2926;;
2927;;
2928;;
2929;;
2930;;
2931;;
2932;;
2933;;
2934;;
2935;;
2936;;
2937;;
2938;;
2939;;
2940;;
2941;;
2942;;
2943;;
2944;;
2945;;
2946;;
2947;;
2948;;
2949;;
2950;;
2951;;
2952;;
2953;;
2954;;
2955;;
2956;;
2957;;
2958;;
2959;;
2960;;
2961;;
2962;;
2963;;
2964;;
2965;;
2966;;
2967;;
2968;;
2969;;
2970;;
2971;;
2972;;
2973;;
2974;;
2975;;
2976;;
2977;;
2978;;
2979;;
2980;;
2981;;
2982;;
2983;;
2984;;
2985;;
2986;;
2987;;
2988;;
2989;;
2990;;
2991;;
2992;;
2993;;
2994;;
2995;;
2996;;
2997;;
2998;;
2999;;